{"cameraMode":{"drawMode":0,"name":"Shaded","section":"Shading Mode"},"sceneLighting":false,"audioPlay":false,"sceneViewState":{"m_AlwaysRefresh":false,"showFog":true,"showSkybox":false,"showFlares":true,"showImageEffects":true,"showParticleSystems":true,"showVisualEffectGraphs":true,"m_FxEnabled":true},"in2DMode":false,"pivot":{"x":-37.99319839477539,"y":-345.8448181152344,"z":26.380603790283204},"rotation":{"x":0.2870768904685974,"y":-0.13733701407909394,"z":0.041629452258348468,"w":0.9470985531806946},"size":0.08165261894464493,"orthographic":false}