{"cameraMode":{"drawMode":0,"name":"Shaded","section":"Shading Mode"},"sceneLighting":false,"audioPlay":false,"sceneViewState":{"m_AlwaysRefresh":false,"showFog":true,"showSkybox":false,"showFlares":true,"showImageEffects":true,"showParticleSystems":true,"showVisualEffectGraphs":true,"m_FxEnabled":true},"in2DMode":false,"pivot":{"x":-0.37350180745124819,"y":-7.110647857189178e-7,"z":-0.06807857751846314},"rotation":{"x":0.18367083370685578,"y":0.4020826816558838,"z":-0.0826815590262413,"w":0.8931784629821777},"size":0.10421840846538544,"orthographic":false}