{"cameraMode":{"drawMode":0,"name":"Shaded","section":"Shading Mode"},"sceneLighting":false,"audioPlay":false,"sceneViewState":{"m_AlwaysRefresh":false,"showFog":true,"showSkybox":false,"showFlares":true,"showImageEffects":true,"showParticleSystems":true,"showVisualEffectGraphs":true,"m_FxEnabled":true},"in2DMode":false,"pivot":{"x":0.800000011920929,"y":-9.313216864370588e-12,"z":-0.05000000447034836},"rotation":{"x":-0.04163316637277603,"y":-0.0464475080370903,"z":-0.0019370454829186202,"w":0.9980543851852417},"size":0.4949871599674225,"orthographic":false}