{"cameraMode":{"drawMode":0,"name":"Shaded","section":"Shading Mode"},"sceneLighting":false,"audioPlay":false,"sceneViewState":{"m_AlwaysRefresh":false,"showFog":true,"showSkybox":false,"showFlares":true,"showImageEffects":true,"showParticleSystems":true,"showVisualEffectGraphs":true,"m_FxEnabled":true},"in2DMode":false,"pivot":{"x":-45.5962028503418,"y":-354.79473876953127,"z":17.084091186523439},"rotation":{"x":0.0033702540677040817,"y":0.992718517780304,"z":-0.11699287593364716,"w":0.028599027544260026},"size":1.2849135398864747,"orthographic":false}