{"cameraMode":{"drawMode":0,"name":"Shaded","section":"Shading Mode"},"sceneLighting":false,"audioPlay":false,"sceneViewState":{"m_AlwaysRefresh":false,"showFog":true,"showSkybox":false,"showFlares":true,"showImageEffects":true,"showParticleSystems":true,"showVisualEffectGraphs":true,"m_FxEnabled":true},"in2DMode":false,"pivot":{"x":965.0440673828125,"y":518.5643920898438,"z":0.8407669067382813},"rotation":{"x":0.01768888346850872,"y":0.00809615571051836,"z":0.00014351624122355133,"w":-0.9998132586479187},"size":19.713808059692384,"orthographic":false}