{"cameraMode":{"drawMode":0,"name":"Shaded","section":"Shading Mode"},"sceneLighting":false,"audioPlay":false,"sceneViewState":{"m_AlwaysRefresh":false,"showFog":true,"showSkybox":false,"showFlares":true,"showImageEffects":true,"showParticleSystems":true,"showVisualEffectGraphs":true,"m_FxEnabled":true},"in2DMode":false,"pivot":{"x":962.7338256835938,"y":540.3609619140625,"z":2.5867042541503908},"rotation":{"x":0.01768888346850872,"y":0.00809615571051836,"z":0.00014351624122355133,"w":-0.9998132586479187},"size":62.51080322265625,"orthographic":false}