{"cameraMode":{"drawMode":0,"name":"Shaded","section":"Shading Mode"},"sceneLighting":false,"audioPlay":false,"sceneViewState":{"m_AlwaysRefresh":false,"showFog":true,"showSkybox":false,"showFlares":true,"showImageEffects":true,"showParticleSystems":true,"showVisualEffectGraphs":true,"m_FxEnabled":true},"in2DMode":false,"pivot":{"x":-43.726600646972659,"y":-338.77313232421877,"z":24.541851043701173},"rotation":{"x":0.2870768904685974,"y":-0.13733701407909394,"z":0.041629452258348468,"w":0.9470985531806946},"size":0.0527166873216629,"orthographic":false}